<?xml version="1.0" encoding="utf-8" ?>
<dwsync>
<file name="ind.png" server="C:/xampp/htdocs/" local="129603624280000000" remote="129603624280000000" />
<file name="inflag.jpg" server="C:/xampp/htdocs/" local="129621524700030210" remote="129621524700000000" />
<file name="sgflag.jpg" server="C:/xampp/htdocs/" local="129621525874197369" remote="129621525870000000" />
<file name="vnflag.jpg" server="C:/xampp/htdocs/" local="129621525589891107" remote="129621525580000000" />
<file name="usflag.jpg" server="C:/xampp/htdocs/" local="129621525264112474" remote="129621525260000000" />
<file name="trflag.jpg" server="C:/xampp/htdocs/" local="129621526168274189" remote="129621526160000000" />
<file name="plflag.jpg" server="C:/xampp/htdocs/" local="129621524454706179" remote="129621524450000000" />
<file name="egflag.jpg" server="C:/xampp/htdocs/" local="129621525063971027" remote="129621525060000000" />
</dwsync>