<?xml version="1.0" encoding="utf-8" ?>
<dwsync>
<file name="logo.png" server="C:/xampp/htdocs/" local="129603610720000000" remote="129603610720000000" />
<file name="dfdico.gif" server="C:/xampp/htdocs/" local="129603647580000000" remote="129603647580000000" />
<file name="fieldbg.gif" server="C:/xampp/htdocs/" local="129603637360000000" remote="129603637360000000" />
<file name="darrow-black.gif" server="C:/xampp/htdocs/" local="129603714860000000" remote="129603714860000000" />
<file name="navbg.png" server="C:/xampp/htdocs/" local="129603614980000000" remote="129603614980000000" />
<file name="darrow2.gif" server="C:/xampp/htdocs/" local="129603678060000000" remote="129603678060000000" />
<file name="loginbut.gif" server="C:/xampp/htdocs/" local="129603644700000000" remote="129603644700000000" />
<file name="darrow.png" server="C:/xampp/htdocs/" local="129603620600000000" remote="129603620600000000" />
<file name="submit-img.gif" server="C:/xampp/htdocs/" local="129603679480000000" remote="129603679480000000" />
<file name="img2.jpg" server="C:/xampp/htdocs/" local="129603663960000000" remote="129603663960000000" />
<file name="img3.jpg" server="C:/xampp/htdocs/" local="129603664120000000" remote="129603664120000000" />
<file name="img1.jpg" server="C:/xampp/htdocs/" local="129603663780000000" remote="129603663780000000" />
<file name="ft-ico1.gif" server="C:/xampp/htdocs/" local="129603674560000000" remote="129603674560000000" />
<file name="ft-ico2.gif" server="C:/xampp/htdocs/" local="129603674760000000" remote="129603674760000000" />
<file name="fb-ico.gif" server="C:/xampp/htdocs/" local="129603671860000000" remote="129603671860000000" />
<file name="tw-ico.gif" server="C:/xampp/htdocs/" local="129603672040000000" remote="129603672040000000" />
<file name="yt-ico.gif" server="C:/xampp/htdocs/" local="129603672220000000" remote="129603672220000000" />
<file name="lineseparator.gif" server="C:/xampp/htdocs/" local="129621534157351138" remote="129621534150000000" />
<file name="banner.jpg" server="C:/xampp/htdocs/" local="129621490001255554" remote="129621490000000000" />
<file name="offer.jpg" server="C:/xampp/htdocs/" local="129621516117639326" remote="129621516110000000" />
</dwsync>